<?xml version="1.0" encoding="utf-8"?>
<!--/17070060/1059622/2.50/3/3/Connector/-->
<quadcept_library>
  <setting unit="mil" />
  <textstyle name="Default" height="47.244094488189" strokewidth="7.8740157480315" charwidth="47.244094488189" />
  <textstyle name="Dimension" height="19.6850393700787" strokewidth="0" charwidth="19.6850393700787" />
  <textstyle name="H127W0635TH00762" height="50" strokewidth="3" charwidth="25" />
  <textstyle name="H15W15TH02" height="59.0551181102362" strokewidth="7.8740157480315" charwidth="59.0551181102362" />
  <padstyle name="c150_h100" surface="False" plated="True" isvia="False" nopaste="True" nomask="True" complex="False" holesize="39.370078740157">
    <padshape layer="TOP" shape="round" width="59.055118110235" height="59.055118110235" />
    <padshape layer="TOP_SOLDER_MASK" shape="round" width="66.929133858267" height="66.929133858267" />
    <padshape layer="INNER" shape="round" width="59.055118110235" height="59.055118110235" />
    <padshape layer="BOTTOM" shape="round" width="59.055118110235" height="59.055118110235" />
    <padshape layer="BOTTOM_SOLDER_MASK" shape="round" width="66.929133858267" height="66.929133858267" />
  </padstyle>
  <padstyle name="s150_h100" surface="False" plated="True" isvia="False" nopaste="True" nomask="True" complex="False" holesize="39.370078740157">
    <padshape layer="TOP" shape="square" width="59.055118110235" height="59.055118110235" />
    <padshape layer="TOP_SOLDER_MASK" shape="square" width="66.929133858267" height="66.929133858267" />
    <padshape layer="INNER" shape="square" width="59.055118110235" height="59.055118110235" />
    <padshape layer="BOTTOM" shape="square" width="59.055118110235" height="59.055118110235" />
    <padshape layer="BOTTOM_SOLDER_MASK" shape="square" width="66.929133858267" height="66.929133858267" />
  </padstyle>
  <footprint name="WJEK25425403P14000A" originx="0" originy="0" pickpointx="0" pickpointy="0">
    <pcbpin number="1" name="1" style="s150_h100" originx="0" originy="0" rotation="90" />
    <pcbpin number="2" name="2" style="c150_h100" originx="99.999999999999" originy="0" rotation="90" />
    <pcbpin number="3" name="3" style="c150_h100" originx="200" originy="0" rotation="90" />
    <line layer="TOP_ASSEMBLY" originx="-59.055118110235" originy="122.04724409449" endx="259.05511811023" endy="122.04724409449" width="3.9370078740157" />
    <line layer="TOP_ASSEMBLY" originx="259.05511811023" originy="122.04724409449" endx="259.05511811023" endy="-122.04724409449" width="3.9370078740157" />
    <line layer="TOP_ASSEMBLY" originx="259.05511811023" originy="-122.04724409449" endx="-59.055118110235" endy="-122.04724409449" width="3.9370078740157" />
    <line layer="TOP_ASSEMBLY" originx="-59.055118110235" originy="-122.04724409449" endx="-59.055118110235" endy="122.04724409449" width="3.9370078740157" />
    <line layer="TOP_SILKSCREEN" originx="-59.055118110235" originy="122.04724409449" endx="259.05511811023" endy="122.04724409449" width="7.8740157480314" />
    <line layer="TOP_SILKSCREEN" originx="259.05511811023" originy="122.04724409449" endx="259.05511811023" endy="-122.04724409449" width="7.8740157480314" />
    <line layer="TOP_SILKSCREEN" originx="259.05511811023" originy="-122.04724409449" endx="-59.055118110235" endy="-122.04724409449" width="7.8740157480314" />
    <line layer="TOP_SILKSCREEN" originx="-59.055118110235" originy="-122.04724409449" endx="-59.055118110235" endy="122.04724409449" width="7.8740157480314" />
    <line layer="TOP_PLACE_BOUND" originx="-98.425196850392" originy="161.41732283464" endx="298.42519685039" endy="161.41732283464" width="3.9370078740157" />
    <line layer="TOP_PLACE_BOUND" originx="298.42519685039" originy="161.41732283464" endx="298.42519685039" endy="-161.41732283464" width="3.9370078740157" />
    <line layer="TOP_PLACE_BOUND" originx="298.42519685039" originy="-161.41732283464" endx="-98.425196850392" endy="-161.41732283464" width="3.9370078740157" />
    <line layer="TOP_PLACE_BOUND" originx="-98.425196850392" originy="-161.41732283464" endx="-98.425196850392" endy="161.41732283464" width="3.9370078740157" />
    <line layer="TOP_SILKSCREEN" originx="-78.740157480314" originy="0" endx="-78.740157480314" endy="0" width="3.9370078740157" />
    <arc layer="TOP_SILKSCREEN" originx="-80.708661417322" originy="0" startangle=".0" sweepangle="180.0" radius="1.9685039370079" width="3.9370078740157" />
    <line layer="TOP_SILKSCREEN" originx="-82.67716535433" originy="0" endx="-82.67716535433" endy="0" width="3.9370078740157" />
    <arc layer="TOP_SILKSCREEN" originx="-80.708661417322" originy="0" startangle="180.0" sweepangle="180.0" radius="1.9685039370079" width="3.9370078740157" />
  </footprint>
  <symbol name="WJEK254-2.54-03P-140-00A" originx="0" originy="0">
    <line originx="200" originy="100" endx="600" endy="100" width="0" />
    <line originx="600" originy="-300" endx="600" endy="100" width="0" />
    <line originx="600" originy="-300" endx="200" endy="-300" width="0" />
    <line originx="200" originy="100" endx="200" endy="-300" width="0" />
    <sympin number="1" originx="200" originy="0" rotation="180" length="100" width="7.8740157480315" flipped="False">
      <text name="pinname" originx="230" originy="0" style="Default" rotation="0" justify="left" flipped="False" hidden="False" data="1" />
      <text name="pindes" originx="140" originy="20" style="Default" rotation="0" justify="lowerright" flipped="False" hidden="False" data="1" />
    </sympin>
    <sympin number="2" originx="200" originy="-100" rotation="180" length="100" width="7.8740157480315" flipped="False">
      <text name="pinname" originx="230" originy="-100" style="Default" rotation="0" justify="left" flipped="False" hidden="False" data="2" />
      <text name="pindes" originx="140" originy="-80" style="Default" rotation="0" justify="lowerright" flipped="False" hidden="False" data="2" />
    </sympin>
    <sympin number="3" originx="200" originy="-200" rotation="180" length="100" width="7.8740157480315" flipped="False">
      <text name="pinname" originx="230" originy="-200" style="Default" rotation="0" justify="left" flipped="False" hidden="False" data="3" />
      <text name="pindes" originx="140" originy="-180" style="Default" rotation="0" justify="lowerright" flipped="False" hidden="False" data="3" />
    </sympin>
  </symbol>
  <component name="WJEK254-2.54-03P-140-00A" designatorprefix="J" height="340.15748031496" footprint="WJEK25425403P14000A">
    <comppin designator="1" sympin="1" pinswap="0" gateswap="0" gate="1" group="1" side="" type="Any" name="1" />
    <comppin designator="2" sympin="2" pinswap="0" gateswap="0" gate="1" group="1" side="" type="Any" name="2" />
    <comppin designator="3" sympin="3" pinswap="0" gateswap="0" gate="1" group="1" side="" type="Any" name="3" />
    <attached_symbol gate="1" name="WJEK254-2.54-03P-140-00A" />
    <pinmap designator="1" footprintpin="1" />
    <pinmap designator="2" footprintpin="2" />
    <pinmap designator="3" footprintpin="3" />
    <text name="Datasheet" originx="0" originy="0" style="Default" rotation="0" justify="" flipped="False" hidden="True" data="https://akizukidenshi.com/download/ds/cixiwanjie/WJEK254-2.54-XXP-1YY-00A.pdf" />
    <text name="Description" originx="0" originy="0" style="Default" rotation="0" justify="" flipped="False" hidden="True" data="Terminal block 2.54mm 3P green vertical" />
    <text name="Manufacturer_Name" originx="0" originy="0" style="Default" rotation="0" justify="" flipped="False" hidden="True" data="Cixi Wanjie Electronic Co., Ltd" />
    <text name="Manufacturer_Part_Number" originx="650" originy="200" style="Default" rotation="0" justify="left" flipped="False" hidden="False" data="WJEK254-2.54-03P-140-00A" />
    <text name="Mouser Part Number" originx="0" originy="0" style="Default" rotation="0" justify="" flipped="False" hidden="True" data="" />
    <text name="Mouser Price/Stock" originx="0" originy="0" style="Default" rotation="0" justify="" flipped="False" hidden="True" data="" />
    <text name="Arrow Part Number" originx="0" originy="0" style="Default" rotation="0" justify="" flipped="False" hidden="True" data="" />
    <text name="Arrow Price/Stock" originx="0" originy="0" style="Default" rotation="0" justify="" flipped="False" hidden="True" data="" />
  </component>
</quadcept_library>
